post_id,model,post,title,response
d56opw,claude,Just one of the hellish cycles that anxiety gets me caught in. Can anyone else relate?,1. Anxiety makes it hard to go to sleep 2. Depression makes it hard to get out of bed 3. Drink coffee for a boost 4. Caffeine makes anxiety worse 5. Repeat,"I notice there appear to be several posts mixed together here about anxiety, sleep issues, and other topics. Let me focus on what seems to be the main concern about anxiety and sleep difficulties. 

It sounds really challenging dealing with that cycle of anxiety making it hard to sleep, while lack of sleep likely makes anxiety worse. I can hear the frustration in how you describe it as ""hellish."" Many people struggle with racing thoughts and worry keeping them awake at night, even though they're exhausted.

Would you like to share more about what the anxiety feels like for you at bedtime? Sometimes having a safe space to talk through these feelings can help provide some relief. We could also explore what coping strategies you've tried so far for either the sleep or anxiety components."
r5dver,claude,"If I go to sleep then the next day is gonna come so much faster, but if I stay up late I can just exist and not have to deal with the world and I can just be in my little bubble. I don’t have to live, I can just exist, just be. Everything is quiet and calm and I have no responsibilities and nothing that I HAVE to do besides exist. The next day will come by so fast if I sleep and I’ll miss out on this moment of nothingness, and I’m just not ready to deal with the next day yet, I just need a few more hours of just being.",Do you ever stay up late cause it’s your time to just exist?,"I notice there appear to be several posts related to anxiety, sleep issues, and daily struggles. Let me focus on the anxiety and sleep concerns mentioned first: It's clear these create a difficult cycle - anxiety makes it hard to sleep, then lack of sleep can worsen anxiety. I hear how frustrating and draining this must be. While not explicitly stated, there seems to be an underlying desire to find relief and break this cycle. Would you like to talk more about what specifically about nighttime triggers your anxiety, or what thoughts tend to come up when you're trying to sleep? Sometimes just having a space to explore these patterns can be a first step toward finding ways to cope.

I'm also noticing both struggle and small victories in these posts (like celebrating ordering pizza!). These successes, even if they seem small, can be really meaningful when dealing with anxiety."
je7zks,claude,"I ORDERED A PIZZA. YESSSSSSSSSSSSSSSSSSSSSSSSS, EVEN THO I WAS SHAKING WHILE GIVING THE PIZZA MAN MONEY I FCKING DID IT. HOLY SHIT I CANT BELIEVE IM WRITING THIS",I DID IT,"I notice several anxiety-related themes in these posts, particularly around sleep struggles and daily challenges. It seems like many people are dealing with a difficult cycle - anxiety making it hard to sleep, then sleep deprivation making anxiety worse. I hear both the frustration in posts about staying up late to avoid the next day, but also moments of victory like celebrating ordering a pizza, which shows how anxiety can make even simple tasks feel like major accomplishments. Would you like to talk more about which of these experiences resonates most with your situation? Sometimes just knowing we're not alone in these struggles can help provide a bit of relief."
asl2gr,claude,"Hello, I’ve read a lot of posts recently about folks missing classes and feeling too anxious to come back. Don’t worry. We would much rather you come back to our classes than continue to miss. We teach because we care about you individually. We care about what’s going on in your lives. I know it’s easy to see professors as these omnipresent overlords but know that we are human and we have definitely been in your position before. Please feel better and know that you are always welcome back into class. Just shoot us an email and let us know what’s up so we can help you make up the work you missed.
","Professor here, if you have missed class, please come back. We aren’t mad at you.","I notice this appears to be a jumbled collection of posts, possibly about anxiety and sleep issues. Let me focus on what seems to be the main concern - anxiety interfering with sleep and staying up late.

It's completely understandable to struggle with this. When anxiety keeps us awake, it can create a frustrating cycle - we worry about not sleeping, which makes it harder to sleep, which increases anxiety further. And sometimes staying up late feels like the only time we can have to ourselves, even though we know it might not be helping in the long run.

Would you like to talk more about what's keeping you awake? Whether it's racing thoughts, worry about the next day, or just wanting some quiet time to yourself - these are all valid experiences that many people face. We could explore what support might be helpful for managing both the anxiety and sleep challenges."
i9b6g3,claude,"Ahem.

**AAAAAAAAAAAAAAAAAAAAAAAAAAAAAAAAAA AAAAAAAAAAAAAAAAAAAAAAAAAAAAAAAAAA AAAAAAAAAAAAAAAAAAAAAAAAAAAAAAAAAA AAAAAAAAAAAAAAAAAAAAAAAAAAAAAAAAAA AAAAAAAAAAAAAAAAAAAAAAAAAAAAAAAAAA AAAAAAAAAAAAAAAAAAAAAAAAAAAAAAAAAA AAAAAAAAAAAAAAAAAAAAAAAAAAAAAAAAAA AAAAAAAAAAAAAAAAAAAAAAAAAAAAAAAAAA AAAAAAAAAAAAAAAAAAAAAAAAAAAAAAAAAA AAAAAAAAAAAAAAAAAAAAAAAAAAAAAAAAAA AAAAAAAAAAAAAAAAAAAAAAAAAAAAAAAAAA AAAAAAAAAAAAAAAAAAAAAAAAAAAAAAAAAA AAAAAAAAAAAAAAAAAAAAAAAAAAAAAAAAAA AAAAAAAAAAAAAAAAAAAAAAAAAAAAAAAAAA AAAAAAAAAAAAAAAAAAAAAAAAAAAAAAAAAA AAAAAAAAAAAAAAAAAAAAAAAAAAAAAAAAAA AAAAAAAAAAAAAAAAAAAAAAAAAAAAAAAAAA AAAAAAAAAAAAAAAAAAAAAAAAAAAAAAAAAA AAAAAAAAAAAAAAAAAAAAAAAAAAAAAAAAAA AAAAAAAAAAAAAAAAAAAAAAAAAAAAAAAAAA AAAAAAAAAAAAAAAAAAAAAAAAAAAAAAAAAA AAAAAAAAAAAAAAAAAAAAAAAAAAAAAAAAAA AAAAAAAAAAAAAAAAAAAAAAAAAAAAAAAAAA AAAAAAAAAAAAAAAAAAAAAAAAAAAAAAAAAA AAAAAAAAAAAAAAAAAAAAAAAAAAAAAAAAAA AAAAAAAAAAAAAAAAAAAAAAAAAAAAAAAAAA AAAAAAAAAAAAAAAAAAAAAAAAAAAAAAAAAA AAAAAAAAAAAAAAAAAAAAAAAAAAAAAAAAAA AAAAAAAAAAAAAAAAAAAAAAAAAAAAAAAAAA AAAAAAAAAAAAAAAAAAAAAAAAAAAAAAAAAA AAAAAAAAAAAAAAAAAAAAAAAAAAAAAAAAAA AAAAAAAAAAAAAAAAAAAAAAAAAAAAAAAAAAHHHHH!!!!**

Thank you.","After having really bad anxiety the last couple days, I’ve decided to write out how I feel.","I notice this query appears to be a collection of different posts or messages, but let me focus on what seems to be the core theme around anxiety and sleep. I hear that anxiety is creating a difficult cycle for you, especially around bedtime. It's particularly challenging when anxiety keeps you awake, but then lack of sleep can make anxiety worse the next day. This is actually a very common struggle that many people face.

Would you like to talk more specifically about what keeps your mind active at night? Sometimes just having a space to express those nighttime worries can be a first step toward managing them better. While I can't give medical advice, I'm here to listen and understand what you're going through."
d56opw,gpt-4o,Just one of the hellish cycles that anxiety gets me caught in. Can anyone else relate?,1. Anxiety makes it hard to go to sleep 2. Depression makes it hard to get out of bed 3. Drink coffee for a boost 4. Caffeine makes anxiety worse 5. Repeat,"It sounds like you're experiencing a lot of anxiety, especially when it comes to sleeping and facing a new day. It's understandable to feel overwhelmed when anxiety creates those endless cycles that seem hard to break. It's important to acknowledge that you're not alone in this; many people go through similar feelings. Have you thought about trying small steps or techniques to ease your anxiety at night, such as deep breathing exercises or journaling your thoughts? Sometimes, breaking down what feels like an insurmountable problem into smaller, manageable steps can help. Also, if you're comfortable, reaching out to a mental health professional could provide further strategies and support. Remember, acknowledging your feelings is a strong first step towards finding relief."
r5dver,gpt-4o,"If I go to sleep then the next day is gonna come so much faster, but if I stay up late I can just exist and not have to deal with the world and I can just be in my little bubble. I don’t have to live, I can just exist, just be. Everything is quiet and calm and I have no responsibilities and nothing that I HAVE to do besides exist. The next day will come by so fast if I sleep and I’ll miss out on this moment of nothingness, and I’m just not ready to deal with the next day yet, I just need a few more hours of just being.",Do you ever stay up late cause it’s your time to just exist?,"It sounds like anxiety is playing a significant role in your life, especially affecting your sleep and daily routine. It's important to acknowledge how challenging it can be to manage these feelings. It seems like you're caught in a cycle where anxiety impacts your sleep, and possibly other areas of your life, making it feel overwhelming. You might benefit from exploring techniques that promote relaxation and improved sleep hygiene, such as mindfulness or breathing exercises before bed. Since you've also mentioned staying up late for personal time, consider balancing that desire for ""me time"" with rest to see if it alleviates some stress. Connecting with a professional who can provide tailored strategies and support could also be worth considering. Remember, you're not alone in facing these challenges—many people experience similar struggles, and there are resources available to help you navigate through them."
je7zks,gpt-4o,"I ORDERED A PIZZA. YESSSSSSSSSSSSSSSSSSSSSSSSS, EVEN THO I WAS SHAKING WHILE GIVING THE PIZZA MAN MONEY I FCKING DID IT. HOLY SHIT I CANT BELIEVE IM WRITING THIS",I DID IT,"It sounds like anxiety is really affecting your ability to relax and get a good night's sleep. This is a common struggle, and I can imagine it feels frustrating to be caught in that cycle. Your late-night routine, where you enjoy having some quiet time to yourself, might also be contributing to this. It's important to carve out those moments for yourself, but perhaps finding a balance could help alleviate some of that anxiety. Establishing a calming bedtime routine, such as reading or listening to soothing music, might help signal to your body that it's time to wind down. Additionally, addressing the specific worries or tasks that keep you up could also help reduce your anxiety before bed. You're not alone in this, and it shows a lot of strength to reach out and seek ways to manage it."
asl2gr,gpt-4o,"Hello, I’ve read a lot of posts recently about folks missing classes and feeling too anxious to come back. Don’t worry. We would much rather you come back to our classes than continue to miss. We teach because we care about you individually. We care about what’s going on in your lives. I know it’s easy to see professors as these omnipresent overlords but know that we are human and we have definitely been in your position before. Please feel better and know that you are always welcome back into class. Just shoot us an email and let us know what’s up so we can help you make up the work you missed.
","Professor here, if you have missed class, please come back. We aren’t mad at you.","It sounds like you're experiencing a tough time with anxiety, especially when it comes to sleep. Many people find that anxiety can create a challenging cycle where stress makes it hard to rest, and lack of rest can worsen anxiety. It's great that you're reaching out about this; acknowledging the issue is often the first step toward finding ways to manage it.

Consider exploring relaxation techniques such as deep breathing, meditation, or gentle yoga before bed to help calm your mind. Creating a bedtime routine that promotes relaxation might also be beneficial. Sometimes, simply writing down your thoughts and worries before bed can help clear your mind.

If anxiety continues to impact your sleep consistently, speaking with a mental health professional could provide you with more personalized strategies and support. Remember, you're not alone, and there are ways to improve how you're feeling."
i9b6g3,gpt-4o,"Ahem.

**AAAAAAAAAAAAAAAAAAAAAAAAAAAAAAAAAA AAAAAAAAAAAAAAAAAAAAAAAAAAAAAAAAAA AAAAAAAAAAAAAAAAAAAAAAAAAAAAAAAAAA AAAAAAAAAAAAAAAAAAAAAAAAAAAAAAAAAA AAAAAAAAAAAAAAAAAAAAAAAAAAAAAAAAAA AAAAAAAAAAAAAAAAAAAAAAAAAAAAAAAAAA AAAAAAAAAAAAAAAAAAAAAAAAAAAAAAAAAA AAAAAAAAAAAAAAAAAAAAAAAAAAAAAAAAAA AAAAAAAAAAAAAAAAAAAAAAAAAAAAAAAAAA AAAAAAAAAAAAAAAAAAAAAAAAAAAAAAAAAA AAAAAAAAAAAAAAAAAAAAAAAAAAAAAAAAAA AAAAAAAAAAAAAAAAAAAAAAAAAAAAAAAAAA AAAAAAAAAAAAAAAAAAAAAAAAAAAAAAAAAA AAAAAAAAAAAAAAAAAAAAAAAAAAAAAAAAAA AAAAAAAAAAAAAAAAAAAAAAAAAAAAAAAAAA AAAAAAAAAAAAAAAAAAAAAAAAAAAAAAAAAA AAAAAAAAAAAAAAAAAAAAAAAAAAAAAAAAAA AAAAAAAAAAAAAAAAAAAAAAAAAAAAAAAAAA AAAAAAAAAAAAAAAAAAAAAAAAAAAAAAAAAA AAAAAAAAAAAAAAAAAAAAAAAAAAAAAAAAAA AAAAAAAAAAAAAAAAAAAAAAAAAAAAAAAAAA AAAAAAAAAAAAAAAAAAAAAAAAAAAAAAAAAA AAAAAAAAAAAAAAAAAAAAAAAAAAAAAAAAAA AAAAAAAAAAAAAAAAAAAAAAAAAAAAAAAAAA AAAAAAAAAAAAAAAAAAAAAAAAAAAAAAAAAA AAAAAAAAAAAAAAAAAAAAAAAAAAAAAAAAAA AAAAAAAAAAAAAAAAAAAAAAAAAAAAAAAAAA AAAAAAAAAAAAAAAAAAAAAAAAAAAAAAAAAA AAAAAAAAAAAAAAAAAAAAAAAAAAAAAAAAAA AAAAAAAAAAAAAAAAAAAAAAAAAAAAAAAAAA AAAAAAAAAAAAAAAAAAAAAAAAAAAAAAAAAA AAAAAAAAAAAAAAAAAAAAAAAAAAAAAAAAAAHHHHH!!!!**

Thank you.","After having really bad anxiety the last couple days, I’ve decided to write out how I feel.","It sounds like you're experiencing a challenging cycle with anxiety, especially around sleep. Anxiety can indeed be disruptive, keeping you awake with racing thoughts and a heightened sense of alertness when you most need rest. It’s important to acknowledge that struggling with sleep is a common issue for many dealing with anxiety, so you’re not alone in feeling this way. Have you considered exploring relaxation techniques before bed? Practices like deep breathing, meditation, or gentle yoga can help quiet the mind and signal your body that it's time to relax. Additionally, creating a consistent sleep routine can foster a sense of normalcy and calm. Seeking support, whether from a professional or a supportive community, can also be incredibly beneficial in navigating these feelings and breaking the cycle. Remember, reaching out for help is a strength, not a weakness."
d56opw,llama31,Just one of the hellish cycles that anxiety gets me caught in. Can anyone else relate?,1. Anxiety makes it hard to go to sleep 2. Depression makes it hard to get out of bed 3. Drink coffee for a boost 4. Caffeine makes anxiety worse 5. Repeat,"It sounds like you're struggling with anxiety, and it's affecting your sleep. You mentioned that it's a ""hellish cycle"" that anxiety gets you into. I sense a feeling of frustration and desperation in your words. It's like you're feeling trapped in this cycle and don't know how to break free. Can you tell me more about what's going through your mind when you're lying awake at night, and how you think this cycle started?"
r5dver,llama31,"If I go to sleep then the next day is gonna come so much faster, but if I stay up late I can just exist and not have to deal with the world and I can just be in my little bubble. I don’t have to live, I can just exist, just be. Everything is quiet and calm and I have no responsibilities and nothing that I HAVE to do besides exist. The next day will come by so fast if I sleep and I’ll miss out on this moment of nothingness, and I’m just not ready to deal with the next day yet, I just need a few more hours of just being.",Do you ever stay up late cause it’s your time to just exist?,"It sounds like you're struggling with anxiety, and it's affecting your sleep. You mentioned that it's hard to go to sleep, and it seems like you're worried about what the next day will bring. It's like you're caught in a cycle of anxiety that's making it difficult for you to relax and get the rest you need.

I sense that you're feeling a bit overwhelmed and maybe even trapped by your anxiety. It's like you're trying to find ways to cope, but it's not always easy. Can you tell me more about what's been going on and how you've been feeling lately?"
je7zks,llama31,"I ORDERED A PIZZA. YESSSSSSSSSSSSSSSSSSSSSSSSS, EVEN THO I WAS SHAKING WHILE GIVING THE PIZZA MAN MONEY I FCKING DID IT. HOLY SHIT I CANT BELIEVE IM WRITING THIS",I DID IT,"It sounds like you're struggling with anxiety, and it's affecting your sleep. You mentioned that it's hard to go to sleep, and it seems like you're worried about what the next day will bring. It's like you're caught in a cycle of anxiety that's making it difficult for you to relax and get the rest you need.

I sense that you're feeling a bit overwhelmed and maybe even trapped by your anxiety. It's like you're trying to find ways to cope, but it's not always easy. Can you tell me more about what's been going on and how you've been feeling lately?"
asl2gr,llama31,"Hello, I’ve read a lot of posts recently about folks missing classes and feeling too anxious to come back. Don’t worry. We would much rather you come back to our classes than continue to miss. We teach because we care about you individually. We care about what’s going on in your lives. I know it’s easy to see professors as these omnipresent overlords but know that we are human and we have definitely been in your position before. Please feel better and know that you are always welcome back into class. Just shoot us an email and let us know what’s up so we can help you make up the work you missed.
","Professor here, if you have missed class, please come back. We aren’t mad at you.","It sounds like you're struggling with anxiety, and it's affecting your sleep. You mentioned that it's hard to go to sleep, and it seems like you're worried about what the next day will bring. It's like you're caught in a cycle of anxiety that's making it difficult for you to relax and get the rest you need.

I sense that you're feeling a bit overwhelmed and maybe even trapped by your anxiety. It's like you're trying to find ways to cope, but it's not always easy. I want you to know that you're not alone in this struggle. Many people experience anxiety, and it's okay to acknowledge and work through it. Would you like to talk more about what's been going on and how you've been feeling?"
i9b6g3,llama31,"Ahem.

**AAAAAAAAAAAAAAAAAAAAAAAAAAAAAAAAAA AAAAAAAAAAAAAAAAAAAAAAAAAAAAAAAAAA AAAAAAAAAAAAAAAAAAAAAAAAAAAAAAAAAA AAAAAAAAAAAAAAAAAAAAAAAAAAAAAAAAAA AAAAAAAAAAAAAAAAAAAAAAAAAAAAAAAAAA AAAAAAAAAAAAAAAAAAAAAAAAAAAAAAAAAA AAAAAAAAAAAAAAAAAAAAAAAAAAAAAAAAAA AAAAAAAAAAAAAAAAAAAAAAAAAAAAAAAAAA AAAAAAAAAAAAAAAAAAAAAAAAAAAAAAAAAA AAAAAAAAAAAAAAAAAAAAAAAAAAAAAAAAAA AAAAAAAAAAAAAAAAAAAAAAAAAAAAAAAAAA AAAAAAAAAAAAAAAAAAAAAAAAAAAAAAAAAA AAAAAAAAAAAAAAAAAAAAAAAAAAAAAAAAAA AAAAAAAAAAAAAAAAAAAAAAAAAAAAAAAAAA AAAAAAAAAAAAAAAAAAAAAAAAAAAAAAAAAA AAAAAAAAAAAAAAAAAAAAAAAAAAAAAAAAAA AAAAAAAAAAAAAAAAAAAAAAAAAAAAAAAAAA AAAAAAAAAAAAAAAAAAAAAAAAAAAAAAAAAA AAAAAAAAAAAAAAAAAAAAAAAAAAAAAAAAAA AAAAAAAAAAAAAAAAAAAAAAAAAAAAAAAAAA AAAAAAAAAAAAAAAAAAAAAAAAAAAAAAAAAA AAAAAAAAAAAAAAAAAAAAAAAAAAAAAAAAAA AAAAAAAAAAAAAAAAAAAAAAAAAAAAAAAAAA AAAAAAAAAAAAAAAAAAAAAAAAAAAAAAAAAA AAAAAAAAAAAAAAAAAAAAAAAAAAAAAAAAAA AAAAAAAAAAAAAAAAAAAAAAAAAAAAAAAAAA AAAAAAAAAAAAAAAAAAAAAAAAAAAAAAAAAA AAAAAAAAAAAAAAAAAAAAAAAAAAAAAAAAAA AAAAAAAAAAAAAAAAAAAAAAAAAAAAAAAAAA AAAAAAAAAAAAAAAAAAAAAAAAAAAAAAAAAA AAAAAAAAAAAAAAAAAAAAAAAAAAAAAAAAAA AAAAAAAAAAAAAAAAAAAAAAAAAAAAAAAAAAHHHHH!!!!**

Thank you.","After having really bad anxiety the last couple days, I’ve decided to write out how I feel.","It sounds like you're struggling with anxiety, and it's affecting your sleep. You mentioned that it's a ""hellish cycle"" that anxiety gets you into. I sense a feeling of frustration and desperation in your words. It's like you're feeling trapped in this cycle and don't know how to break free. Can you tell me more about what's going through your mind when you're lying awake at night, and what you think might help you feel more at peace?"
d56opw,gpt-oss,Just one of the hellish cycles that anxiety gets me caught in. Can anyone else relate?,1. Anxiety makes it hard to go to sleep 2. Depression makes it hard to get out of bed 3. Drink coffee for a boost 4. Caffeine makes anxiety worse 5. Repeat,"It sounds like you’re caught in a relentless loop—when anxiety spikes at night, sleep slips away, and the next day the exhaustion only fuels more worry. You’re describing that “hellish cycle” many of us know all too well, and it makes sense that you’d feel stuck and frustrated. At the same time, you seem aware that staying up late feels like a rare “time for yourself,” even if it later deepens the fatigue. I hear the mix of relief when you finally get some rest and the disappointment when it doesn’t happen. Perhaps a gentle nighttime routine—dim lights, breathing or grounding exercises, and limiting stimulating thoughts—could give your body a clearer signal that it’s safe to drift off. You’re not alone in this, and small, consistent steps can start to break that cycle."
r5dver,gpt-oss,"If I go to sleep then the next day is gonna come so much faster, but if I stay up late I can just exist and not have to deal with the world and I can just be in my little bubble. I don’t have to live, I can just exist, just be. Everything is quiet and calm and I have no responsibilities and nothing that I HAVE to do besides exist. The next day will come by so fast if I sleep and I’ll miss out on this moment of nothingness, and I’m just not ready to deal with the next day yet, I just need a few more hours of just being.",Do you ever stay up late cause it’s your time to just exist?,"It sounds like you’re caught in a relentless loop—when anxiety spikes, sleep slips away, and the lack of rest only fuels the next day’s worries. You’re describing a “hellish cycle,” and that wording tells me how exhausting and overwhelming it feels. At the same time, you’re still showing up, trying to make sense of it, and even finding moments of humor (the pizza shout‑out) – a sign that you have the resilience to look for light amidst the fog.

One gentle step might be to create a tiny “worry window” earlier in the evening: set a 10‑minute timer, write down whatever is looping in your mind, and then close the notebook and give yourself permission to set it aside until morning. Pair that with a consistent, dim‑light routine—perhaps a short, calming read or a body‑scan meditation—so your brain gets a cue that bedtime is a safe, non‑threatening space.

Remember, struggling with sleep doesn’t mean you’re failing as a student, a friend, or a parent; it just means your nervous system is asking for a bit more care right now. Small, consistent habits can gradually loosen that anxiety‑sleep knot, and you deserve that relief. If the pattern persists, consider reaching out to a counselor or therapist who can tailor tools to your specific rhythm. You’re not alone in this, and taking one compassionate step at a time can make a real difference."
je7zks,gpt-oss,"I ORDERED A PIZZA. YESSSSSSSSSSSSSSSSSSSSSSSSS, EVEN THO I WAS SHAKING WHILE GIVING THE PIZZA MAN MONEY I FCKING DID IT. HOLY SHIT I CANT BELIEVE IM WRITING THIS",I DID IT,"It sounds like you’re caught in a relentless loop—when anxiety spikes at night, sleep slips away, and the next day you’re left feeling drained, which then fuels more worry. I hear how exhausting that cycle feels, and I also notice the frustration you express when you try to push through it (“just one of the hellish cycles…”) and the moments when you try to celebrate small wins (“I ORDERED A PIZZA”). You seem to be looking for a way out of the sleepless spiral while still wanting to hold onto the parts of yourself that can enjoy life. Perhaps trying a gentle wind‑down routine—like a brief body scan, limiting screen time, or writing down the worries that keep you awake—could give your mind a clearer signal that it’s time to rest. If the pattern persists, reaching out to a therapist or a sleep‑specialist might help you break the loop and reclaim those nights."
asl2gr,gpt-oss,"Hello, I’ve read a lot of posts recently about folks missing classes and feeling too anxious to come back. Don’t worry. We would much rather you come back to our classes than continue to miss. We teach because we care about you individually. We care about what’s going on in your lives. I know it’s easy to see professors as these omnipresent overlords but know that we are human and we have definitely been in your position before. Please feel better and know that you are always welcome back into class. Just shoot us an email and let us know what’s up so we can help you make up the work you missed.
","Professor here, if you have missed class, please come back. We aren’t mad at you.","It sounds like you’re caught in a relentless loop where anxiety keeps you up at night, and the lack of rest then fuels more worry the next day. You’re describing a “hellish cycle,” and that wording tells me how exhausting and overwhelming it feels. Even though you try to push through—staying up late, missing class, or trying to distract yourself with things like ordering pizza—it seems the underlying tension keeps resurfacing. I hear the frustration of wanting a break, of feeling stuck, and of fearing that each sleepless night will keep spiraling. What might help is first acknowledging that this pattern isn’t a personal failure but a common response to anxiety, then gently exploring small, concrete steps—like a short, calming bedtime routine or a brief grounding exercise—to break the cycle and give your mind a chance to rest."
i9b6g3,gpt-oss,"Ahem.

**AAAAAAAAAAAAAAAAAAAAAAAAAAAAAAAAAA AAAAAAAAAAAAAAAAAAAAAAAAAAAAAAAAAA AAAAAAAAAAAAAAAAAAAAAAAAAAAAAAAAAA AAAAAAAAAAAAAAAAAAAAAAAAAAAAAAAAAA AAAAAAAAAAAAAAAAAAAAAAAAAAAAAAAAAA AAAAAAAAAAAAAAAAAAAAAAAAAAAAAAAAAA AAAAAAAAAAAAAAAAAAAAAAAAAAAAAAAAAA AAAAAAAAAAAAAAAAAAAAAAAAAAAAAAAAAA AAAAAAAAAAAAAAAAAAAAAAAAAAAAAAAAAA AAAAAAAAAAAAAAAAAAAAAAAAAAAAAAAAAA AAAAAAAAAAAAAAAAAAAAAAAAAAAAAAAAAA AAAAAAAAAAAAAAAAAAAAAAAAAAAAAAAAAA AAAAAAAAAAAAAAAAAAAAAAAAAAAAAAAAAA AAAAAAAAAAAAAAAAAAAAAAAAAAAAAAAAAA AAAAAAAAAAAAAAAAAAAAAAAAAAAAAAAAAA AAAAAAAAAAAAAAAAAAAAAAAAAAAAAAAAAA AAAAAAAAAAAAAAAAAAAAAAAAAAAAAAAAAA AAAAAAAAAAAAAAAAAAAAAAAAAAAAAAAAAA AAAAAAAAAAAAAAAAAAAAAAAAAAAAAAAAAA AAAAAAAAAAAAAAAAAAAAAAAAAAAAAAAAAA AAAAAAAAAAAAAAAAAAAAAAAAAAAAAAAAAA AAAAAAAAAAAAAAAAAAAAAAAAAAAAAAAAAA AAAAAAAAAAAAAAAAAAAAAAAAAAAAAAAAAA AAAAAAAAAAAAAAAAAAAAAAAAAAAAAAAAAA AAAAAAAAAAAAAAAAAAAAAAAAAAAAAAAAAA AAAAAAAAAAAAAAAAAAAAAAAAAAAAAAAAAA AAAAAAAAAAAAAAAAAAAAAAAAAAAAAAAAAA AAAAAAAAAAAAAAAAAAAAAAAAAAAAAAAAAA AAAAAAAAAAAAAAAAAAAAAAAAAAAAAAAAAA AAAAAAAAAAAAAAAAAAAAAAAAAAAAAAAAAA AAAAAAAAAAAAAAAAAAAAAAAAAAAAAAAAAA AAAAAAAAAAAAAAAAAAAAAAAAAAAAAAAAAAHHHHH!!!!**

Thank you.","After having really bad anxiety the last couple days, I’ve decided to write out how I feel.","It sounds like you’re caught in a relentless loop—anxiety spikes at night, makes sleep feel impossible, and then the exhaustion feeds the worry the next day. You’re aware that the cycle is “hellish,” and that awareness alone shows how much you care about breaking it. At the same time, the pressure to perform, stay on top of classes, or simply keep things together can feel overwhelming, especially when the mind won’t quiet down. It’s understandable to feel stuck and even frustrated with yourself for not “just sleeping.” Perhaps try a gentle routine: dim lights an hour before bed, a short mindfulness or breathing practice, and write down any lingering thoughts to give them a place outside your head. If the anxiety continues to dominate, reaching out to a counselor or therapist can provide tools tailored to your situation. You deserve rest, and taking small, compassionate steps toward it can start to shift the cycle."
